Datetime,Water Level (m)
2025-09-09 12:00:00,-1.59799
2025-09-09 13:00:00,-1.8559994
2025-09-09 14:00:00,-1.2107284
2025-09-09 15:00:00,-0.1477732
2025-09-09 16:00:00,0.9542511
2025-09-09 17:00:00,1.8554204
2025-09-09 18:00:00,2.4524436
2025-09-09 19:00:00,2.5099602
2025-09-09 20:00:00,2.0006413
2025-09-09 21:00:00,1.2267947
2025-09-09 22:00:00,0.26695785
2025-09-09 23:00:00,-0.6386877
2025-09-10 00:00:00,-1.4408811
2025-09-10 01:00:00,-1.8653895
2025-09-10 02:00:00,-1.4202292
2025-09-10 03:00:00,-0.3470995
2025-09-10 04:00:00,0.7275686
2025-09-10 05:00:00,1.6383048
2025-09-10 06:00:00,2.3037345
2025-09-10 07:00:00,2.5174785
2025-09-10 08:00:00,2.0919778
2025-09-10 09:00:00,1.4013892
2025-09-10 10:00:00,0.4620493
2025-09-10 11:00:00,-0.4521409
2025-09-10 12:00:00,-1.3091955
2025-09-10 13:00:00,-1.8942584
2025-09-10 14:00:00,-1.7854973
2025-09-10 15:00:00,-0.7292679
2025-09-10 16:00:00,0.3881699
2025-09-10 17:00:00,1.3975623
2025-09-10 18:00:00,2.1704795
2025-09-10 19:00:00,2.6021986
2025-09-10 20:00:00,2.360216
2025-09-10 21:00:00,1.785134
2025-09-10 22:00:00,0.91880476
2025-09-10 23:00:00,0.022148227
2025-09-11 00:00:00,-0.8476574
2025-09-11 01:00:00,-1.549846
2025-09-11 02:00:00,-1.7699199
2025-09-11 03:00:00,-1.0612923
2025-09-11 04:00:00,-0.025388554
2025-09-11 05:00:00,0.9813537
2025-09-11 06:00:00,1.7759037
2025-09-11 07:00:00,2.3279235
2025-09-11 08:00:00,2.3223035
2025-09-11 09:00:00,1.7909007
2025-09-11 10:00:00,1.029618
2025-09-11 11:00:00,0.13252908
2025-09-11 12:00:00,-0.7113379
2025-09-11 13:00:00,-1.446983
2025-09-11 14:00:00,-1.7967931
2025-09-11 15:00:00,-1.3117429
2025-09-11 16:00:00,-0.32895562
2025-09-11 17:00:00,0.6936623
2025-09-11 18:00:00,1.5909414
2025-09-11 19:00:00,2.2753708
2025-09-11 20:00:00,2.5230317
2025-09-11 21:00:00,2.1775112
2025-09-11 22:00:00,1.593733
2025-09-11 23:00:00,0.7562736
2025-09-12 00:00:00,-0.1063829
2025-09-12 01:00:00,-0.931913
2025-09-12 02:00:00,-1.5178125
2025-09-12 03:00:00,-1.5057847
2025-09-12 04:00:00,-0.6812602
2025-09-12 05:00:00,0.21662277
2025-09-12 06:00:00,1.070346
2025-09-12 07:00:00,1.6965878
2025-09-12 08:00:00,2.0969956
2025-09-12 09:00:00,1.9230311
2025-09-12 10:00:00,1.4073561
2025-09-12 11:00:00,0.6783446
2025-09-12 12:00:00,-0.10060316
2025-09-12 13:00:00,-0.8452457
2025-09-12 14:00:00,-1.4386843
2025-09-12 15:00:00,-1.5687877
2025-09-12 16:00:00,-0.9505076
2025-09-12 17:00:00,-0.089482844
2025-09-12 18:00:00,0.8170286
2025-09-12 19:00:00,1.5807897
2025-09-12 20:00:00,2.1268923
2025-09-12 21:00:00,2.206903
2025-09-12 22:00:00,1.8556466
2025-09-12 23:00:00,1.2807957
2025-09-13 00:00:00,0.53512704
2025-09-13 01:00:00,-0.21120606
2025-09-13 02:00:00,-0.87869775
2025-09-13 03:00:00,-1.2752758
2025-09-13 04:00:00,-1.1110679
2025-09-13 05:00:00,-0.45734057
2025-09-13 06:00:00,0.27816007
2025-09-13 07:00:00,0.9838402
2025-09-13 08:00:00,1.5025295
2025-09-13 09:00:00,1.794164
2025-09-13 10:00:00,1.5741653
2025-09-13 11:00:00,1.1310738
2025-09-13 12:00:00,0.50978255
2025-09-13 13:00:00,-0.14583589
2025-09-13 14:00:00,-0.7659277
2025-09-13 15:00:00,-1.2018337
2025-09-13 16:00:00,-1.1912314
2025-09-13 17:00:00,-0.6451217
2025-09-13 18:00:00,0.07030868
2025-09-13 19:00:00,0.81872004
2025-09-13 20:00:00,1.4511664
2025-09-13 21:00:00,1.9078174
2025-09-13 22:00:00,1.9341819
2025-09-13 23:00:00,1.6358337
2025-09-14 00:00:00,1.1531324
2025-09-14 01:00:00,0.5377983
2025-09-14 02:00:00,-0.096322544
2025-09-14 03:00:00,-0.66122425
2025-09-14 04:00:00,-0.99045146
2025-09-14 05:00:00,-0.8943417
2025-09-14 06:00:00,-0.43536213
2025-09-14 07:00:00,0.12309203
2025-09-14 08:00:00,0.6913744
2025-09-14 09:00:00,1.1331359
2025-09-14 10:00:00,1.3702168
2025-09-14 11:00:00,1.236707
2025-09-14 12:00:00,0.91495854
2025-09-14 13:00:00,0.47393194
2025-09-14 14:00:00,-0.0442824
2025-09-14 15:00:00,-0.53858864
2025-09-14 16:00:00,-0.8686655
2025-09-14 17:00:00,-0.8723478
2025-09-14 18:00:00,-0.48730096
2025-09-14 19:00:00,0.04490137
2025-09-14 20:00:00,0.6300195
2025-09-14 21:00:00,1.179072
2025-09-14 22:00:00,1.5885345
2025-09-14 23:00:00,1.6800454
2025-09-15 00:00:00,1.5048461
2025-09-15 01:00:00,1.1782905
2025-09-15 02:00:00,0.69629306
2025-09-15 03:00:00,0.15935203
2025-09-15 04:00:00,-0.3542124
2025-09-15 05:00:00,-0.7040333
2025-09-15 06:00:00,-0.77264655
2025-09-15 07:00:00,-0.53821975
2025-09-15 08:00:00,-0.15737215
2025-09-15 09:00:00,0.30039725
2025-09-15 10:00:00,0.7212103
2025-09-15 11:00:00,1.0111207
2025-09-15 12:00:00,1.0827233
